"Slide Number","Text Type","Text Content"\n"1","Title","CONFIDENTIEL"\n"1","Title","XXX"\n"1","Title","Projet XXX"\n"1","Title","[LOGO]"\n"2","Header","Ce document a été préparé par alecia à titre confidentiel et à l’usage exclusif des dirigeants-actionnaires (ci-après les « Dirigeants-Actionnaires ») de la société [NOM DE LA SOCIETE] (ci-après la « Société »).Les destinataires du présent document s’engagent à ne pas l’utiliser à d’autres fins que le choix du conseil pour l’opération envisagée (ci-après l’« Opération »).Les informations contenues dans ce document proviennent essentiellement de sources d’informations publiques ou communiquées par les Dirigeants-Actionnaires de la Société. Elles n’ont pas fait l’objet devérifications de la part d’alecia et sont communiquées à titre purement indicatif.Les hypothèses et réflexions prescrites dans ce document sont faites uniquement à titre de support de discussion et n’ont aucune valeur contractuelle, celles-ci devant faire l’objet d’une analyseapprofondie.La responsabilité d’alecia, de ses actionnaires, de ses dirigeants et de ses employés ne saurait être engagée de quelque manière que ce soit, quelles que soient les circonstances, directementou indirectement, par l’exactitude et/ou l’exhaustivité des informations contenues dans le présent document.Aucune information ne peut être interprétée comme un engagement formel ou une quelconque garantie de résultat pour le futur.Ce document est remis à titre confidentiel. De ce fait, il ne peut être reproduit ou communiqué à un tiers sans l’accord préalable d’alecia. Les destinataires du présent document s’engagent à ne pas l’utiliser à d’autres fins que l’Opération concernée."\n"2","Header","Avertissement"\n"3","Header","Notre compréhension du contexte et de votre cahier des charges"\n"3","Header","Les sujets que nous allons traiter"\n"3","Text","Une société leader sur sa niche et en pleine conquête de part de marchés grâce à une solution innovante à forte valeur ajoutée
Des clients encore très largement sous équipés garantissant la croissance future
Une société bénéficiant d’un business model à très forte récurrence du chiffre d’affaires
Un actionnaire actuel souhaitant valoriser le travail effectué pour se consacrer à de nouveaux projets
Des marques d’intérêt déjà reçues de grands noms du secteur, à réactiver (entre autres) et valoriser
Un timing d’Opération à envisager pour un closing au plus tôt fin 2026 compte tenu des dispositions prises vis-à-vis d’un précèdent actionnaire sorti récemment"\n"3","Header","Notre compréhension de l’opération envisagée"\n"3","Text","Présentation de l’équipe projet"\n"3","Text","Nos convictions sur FUTUR SYSTEM"\n"3","Text","Eléments préliminaires de valorisation et leviers d’activation de la valeur"\n"3","Text","Calendrier indicatif et recommandations"\n"3","Text","Liste préliminaire de candidats potentiels"\n"3","Text","I"\n"3","Text","II"\n"3","Text","III"\n"3","Text","IV"\n"3","Text","V"\n"3","Text","Nos conditions d’accompagnement"\n"3","Text","VI"\n"3","Text","Exemples d’opérations"\n"3","Text","VII"\n"3","Text","Annexes"\n"3","Text","VIII"\n"4","Text","Compréhension du contexte"\n"4","Text","II"\n"4","Text","Pistes de valorisation"\n"4","Text","III"\n"4","Text","Thèses & contreparties"\n"4","Text","IV"\n"4","Text","Accompagnement & process"\n"4","Text","V"\n"4","Header","Présentation d’alecia"\n"4","Header","I"\n"4","Text","Annexes"\n"4","Text","VII"\n"4","Text","Conditions"\n"4","Text","VI"\n"5","Header","Présentation d’alecia"\n"5","Header","I"\n"5","Header","Un acteur indépendant multirégional dédié au conseil M&A et financement des PME et ETI"\n"5","Header","Le nom alecia est un dérivé du grec ancien aléthéia, qui incarne les notions de sincérité et de vérité. Ce choix témoigne de notre engagement et de nos valeurs auprès de nos clients et de nos partenaires."\n"5","Text","Nos axes de différenciation"\n"5","Text","Une proximité assurée par nos implantations en région"\n"5","Text","Un spécialiste des transactions small et midcaps, dédié à l’accompagnement des opérations de haut de bilan pour le compte des Dirigeants-Actionnaires de PME et ETI
Une indépendance garantissant l’absence de tout conflit d’intérêts avec des activités de financement, d’investissement ou de gestion de fortune
Une forte expertise transactionnelle : +50 opérations réalisées par les membres de l’équipe
Des professionnels expérimentés aux parcours variés comprenant d’anciens banquiers d’affaires, des entrepreneurs et des dirigeants, garantissant une bonne compréhension des enjeux et du cahier des charges des Dirigeants-Actionnaires 
Une approche interprofessionnelle en constituant dès le début de l'opération une équipe intégrée des différents conseillers (experts-comptables, avocats spécialisés en droit des affaires et fiscalité et gestionnaires de patrimoine)
Un réseau régional étendu de partenaires institutionnels corporate finance dans toute la France (fonds d’investissement, family offices et banques)  
L’animation d’écosystèmes relationnels dans chaque secteur (dirigeants d’entreprises leaders, consultants spécialisés, associations professionnelles, etc.)"\n"5","Text","Île-de-France"\n"6","Header","GC"\n"6","Header","alecia : un conseil financier impliqué sur son territoire"\n"6","Text","alecia contribue au financement de l’association Les Apprentis Riders depuis 2024
Les Apprentis Riders est un service créé au sein du pôle social des PEP29, en partenariat avec le conseil départemental. Le service propose l’organisation d’activités de plein air à des jeunes pris en charge par différentes associations et structures du sud Finistère : PEP29, Avel Mor, Sauvegarde 29 et les services du CDEF"\n"6","Text","Les Apprentis Riders
Quimperlé"\n"6","Text","alecia est partenaire du FC Lorient depuis 2023
Le FCL mène de très nombreuses actions de solidarité sur le territoire : écoles lorientaises, centre mutualiste de Kerpape, etc."\n"6","Text","Football Club de Lorient
Lorient"\n"6","Header","alecia accompagne depuis 2023 Nicolas GESTIN au travers du pacte de performance, alors qu’il est encore étudiant et peu connu sur le circuit
Affilié depuis son enfance au Canoë Kayak Club de Quimperlé (CKCQ), Nicolas GESTIN est médaillé d’or olympique de C1 lors des JO de Paris 2024"\n"6","Text","Nicolas GESTIN
Quimperlé / Tremeven"\n"6","Text","alecia est mécène depuis 2023 du CNQ pour soutenir ses démarches inclusives et contribuer au succès croissant de son meeting annuel
Le club de natation de Quimperlé s’engage dans de nombreux projets auprès des publics jeunes et / ou en situation de handicap"\n"6","Text","Le Cercle des Nageurs de Quimperlé (CNQ)
Quimperlé"\n"7","Header","Notre expertise"\n"7","Header","Un conseil financier indépendant spécialisé dans les opérations de small et midcaps (opérations ciblées : entre 5 m€ et 50 m€)
La capacité d’accompagner les Dirigeants-Actionnaires des PME et ETI sur l’ensemble de leurs problématiques de haut de bilan …
… et dans la durée"\n"7","Text","Cession totale, majoritaire ou minoritaire
Opération de LBO / OBO / MBO / MBI
Cession d’actif non stratégique
Réorganisation du capital 
Transmission familiale ou au management"\n"7","Text","Conseil à la cession"\n"7","Text","Levée de capital
Levée de dette privée 
Levée de dette bancaire
Levée de financement hybride
Refinancement des dettes existantes"\n"7","Text","Ingénierie financière"\n"7","Text","Identification d’opportunités stratégiques 
Acquisition / croissance externe"\n"7","Text","Conseil à l’acquisition"\n"7","Text","1"\n"7","Text","2"\n"7","Text","3"\n"8","Header","Notre équipe structurée et expérimentée"\n"8","Header","6
Associés fondateurs …"\n"8","Text","… épaulés par
1
Directeur …"\n"8","Text","4
Analystes pour l’exécution"\n"8","Header","I"\n"8","Text","II"\n"8","Text","IV"\n"8","Text","… et
1
Senior Advisor…"\n"8","Text","III"\n"9","Header","Un tandem d’associés complémentaires dédié à vos projets"\n"9","Header","Opérations récentes conseillées par l’équipe projet"\n"9","Text","Une équipe projet expérimentée, avec l’implication de deux seniors tout au long de la mission, accompagnée de deux analystes"\n"9","Text","Grégory COLIN
Associé fondateur
gregory.colin@alecia.fr
+33 (0) 6 61 14 04 65"\n"9","Header","Près de 10 ans d’expérience en fusion-acquisition chez alecia, SEP et Deloitte
Plus de 15 opérations M&A réalisées pour le compte de Dirigeants-Actionnaires, de fonds de private equity et de corporates
Début de carrière en Finance au sein de grands groupes d’assurances (Euler Hermes et Allianz)
Diplômé d’Audencia"\n"10","Header","10 années d’expérience en fusion-acquisition chez Eponyme Partners, Equideals, Raphaël Financial Advisory et Smart Partners
Une trentaine d’opérations réalisées
Expérience en fonds d’investissement au sein d’Apax Partners
Diplômé de l’EDHEC"\n"10","Text","Tristan COSSEC
Associé fondateur
tristan.cossec@alecia.fr
+33 (0) 6 87 07 65 57"\n"10","Text","10 ans d’expérience en M&A en tant que Conseil
6 ans en tant que dirigeant d’entreprise jusqu’à la cession
Cadre de direction dans la Grande Distribution en première partie de carrière"\n"10","Text","Christophe BERTHON
Associé fondateur
christophe.berthon@alecia.fr
+33 (0) 6 80 55 24 74"\n"10","Header","Vos points de contact alecia"\n"10","Text","Grégory COLIN
Associé fondateur
gregory.colin@alecia.fr
+33 (0) 6 61 14 04 65"\n"10","Header","Près de 10 ans d’expérience en fusion-acquisition chez alecia, SEP et Deloitte
Plus de 15 opérations M&A réalisées pour le compte de Dirigeants-Actionnaires, de fonds de private equity et de corporates
Début de carrière en Finance au sein de grands groupes d’assurances (Euler Hermes et Allianz)
Diplômé d’Audencia"\n"10","Text","Plusieurs années d’expérience dans le conseil pour les PME et les startups en croissance
Directeur crédit de RiverBank France, investisseur en financements structurés
Création et cession de Bolden, prêteur alternatif dédié aux PME françaises
Diplômé de l’EDHEC et de la Faculté de Droit de Lille"\n"10","Text","Serge de FAÿ
Associé fondateur
serge.defay@alecia.fr
+33 (0) 6 10 44 71 26"\n"11","Header","Vos points de contact alecia"\n"11","Text","Martin EGASSE
Associé fondateur
martin.egasse@alecia.fr
+33 (0) 6 82 86 56 53"\n"11","Header","Plus de 7 ans d’expérience en M&A
15 ans en direction financière au sein de PME / ETI, après un début de carrière chez KPMG
Expert-comptable diplômé de l’université Panthéon-Sorbonne"\n"11","Header","Plus de 3 ans dans les équipes de Smart Partners en tant qu'associé M&A
Investisseur pour le compte de Five Arrows, filiale de la banque Rothschild & Co
Début de carrière en financements structurés à la Société Générale 
Diplômé de l’EDHEC"\n"11","Text","Jérôme BERTHIAU
Associé fondateur
jerome.berthiau@alecia.fr
+ 33 (0) 6 89 99 95 86"\n"11","Text","Près de 5 ans d’expérience en fusion-acquisition chez Adviso Partners et BNP Paribas
Près de 10 opérations M&A réalisées pour le compte de Dirigeants-Actionnaires, de fonds de private equity et de corporates
Expérience en audit chez KPMG et Mazars
Diplômé du Master Banque Finance de l’Université Paris 1 Panthéon-Sorbonne"\n"11","Text","Gaspard de SEVIN
Directeur
gaspard.desevin@alecia.fr
+33 (0) 6 07 25 68 06"\n"11","Text","2 ans d’expérience en fusion-acquisition chez Smart Partners
Expériences en audit et transaction services 
Diplômée du Master Ingénierie Financière et Transaction de l’iaelyon School of Management"\n"11","Text","Louise PINI
Analyste
louise.pini@alecia.fr
+ 33 (0) 6 42 25 59 42"\n"12","Header","Vos points de contact alecia"\n"12","Header","1 an et demi d’expérience en M&A
Une expérience en tant que chargé d’affaires entreprises au CIC
Diplômé de l’EDHEC"\n"12","Text","Mickael FURET
Analyste
mickael.furet@alecia.fr
+33 (0) 7 70 36 42 94"\n"13","Header","Trackrecord complet – Opérations en cours 1/2"\n"14","Header","Trackrecord complet – Opérations en cours 2/2"\n"15","Header","Trackrecord complet – Cession 1/4"\n"16","Header","Trackrecord complet – Cession 2/4"\n"17","Header","Trackrecord complet – Cession 3/4"\n"18","Header","Trackrecord complet – Cession 4/4"\n"19","Header","Trackrecord complet – Levée de fonds 1/4"\n"20","Header","Trackrecord complet – Levée de fonds 2/4"\n"21","Header","Trackrecord complet – Levée de fonds 3/4"\n"22","Header","Trackrecord complet – Levée de fonds 4/4"\n"23","Header","Trackrecord complet – Acquisition"\n"24","Text","Compréhension du contexte"\n"24","Text","II"\n"24","Text","Pistes de valorisation"\n"24","Text","III"\n"24","Text","Thèses & contreparties"\n"24","Text","IV"\n"24","Text","Accompagnement & process"\n"24","Text","V"\n"24","Header","Présentation d’alecia"\n"24","Header","I"\n"24","Text","Annexes"\n"24","Text","VII"\n"24","Text","Conditions"\n"24","Text","VI"\n"25","Text","XXX"\n"25","Text","XXX"\n"25","Text","XXX"\n"25","Text","XXX"\n"25","Text","XXX"\n"25","Text","XXX"\n"25","Text","XXX"\n"25","Text","XXX"\n"25","Text","1."\n"25","Text","2."\n"25","Text","3."\n"25","Text","4."\n"25","Text","5."\n"25","Text","6."\n"25","Text","7."\n"25","Text","8."\n"25","Header","Nos convictions sur XXX"\n"25","Text","[LOGO]"\n"26","Header","Données financières agrégées du Groupe XXX"\n"26","Header","Points clés"\n"26","Header","EBITDA"\n"26","Text","BFR d’exploitation"\n"26","Text","Trésorerie nette et capitaux propres"\n"26","Table","En k€ | 2022 | 2023 | 2024
Trésorerie & équivalents
Emprunts et dettes financières diverses
Emprunts bancaires
Trésorerie (Dette) nette
Capitaux propres"\n"26","Header","Chiffre d’affaires et marge brute"\n"26","Text","Chiffre d’affaires
XXX
EBITDA
XXX
Un travail sur le niveau normatif de rentabilité en amont du processus sera nécessaire afin de fixer les agrégats de valorisation (management fees et salaires dirigeants, charges exceptionnelles, etc.)
BFR d’exploitation
XXX
Trésorerie nette
XXX
La valeur des titres résultera de la somme de la valeur d’entreprise et de la trésorerie nette"\n"27","Text","Compréhension du contexte"\n"27","Text","II"\n"27","Text","Pistes de valorisation"\n"27","Text","III"\n"27","Text","Thèses & contreparties"\n"27","Text","IV"\n"27","Text","Accompagnement & process"\n"27","Text","V"\n"27","Header","Présentation d’alecia"\n"27","Header","I"\n"27","Text","Annexes"\n"27","Text","VII"\n"27","Text","Conditions"\n"27","Text","VI"\n"28","Header","Méthodologie de valorisation"\n"28","Text","Evaluation du Groupe sur la base des multiples de valorisation observés sur des sociétés cotées comparables
Principaux critères de sélection de l’échantillon :
Métier / activité / savoir-faire
Marché sous-jacent
Présence géographique et taille de l’entreprise
Profil de croissance et de rentabilité"\n"28","Header","Approche DCF"\n"28","Header","Approche LBO"\n"28","Text","Evaluation déterminée à partir de projections de Free Cash Flow sur l’horizon du plan d’affaires, puis normalisés et actualisés au coût du capital approprié"\n"28","Text","Méthode consistant à valoriser une société en fonction des rendements attendus (TRI et multiples d’investissements) par les fonds d’investissement sur la base d’un :
plan d’affaires
levier financier envisageable, capacité à rembourser les échéances"\n"28","Text","S’appuie sur les cash flows
Méthode pertinente lorsque la société est assise sur des contrats à long-terme
S’appuie sur un plan d’affaires précis
Sensibilité aux hypothèses du plan d’affaires
Sensibilité aux hypothèses extérieures (taux d’actualisation, croissance perpétuelle, etc.)"\n"28","Text","Dépend :
du plan d’affaires et de sa réalisation
du levier de dette appliqué
du profil de croissance de la société
du TRI cible de l’investisseur
des CAPEX
de la capacité à rembourser la dette"\n"28","Text","Pertinence"\n"28","Text","Pertinence"\n"28","Text","Non applicable sans plan d'affaires"\n"28","Text","Non applicable sans plan d'affaires"\n"28","Text","Non appliqué"\n"28","Text","Non appliqué"\n"28","Text","+"\n"28","Text","-"\n"28","Text","-"\n"28","Text","-"\n"28","Text","+"\n"28","Header","Multiples de transactions"\n"28","Text","Evaluation du Groupe sur la base de multiples de transactions observés récemment
Principaux critères de sélection de l’échantillon :
Métier / activité / savoir-faire
Présence géographique
Taille de l’entreprise
Profil de croissance et rentabilité"\n"28","Text","Extériorise la valeur que les acquéreurs sont prêts à payer pour prendre le contrôle du Groupe
Possibilité de sélectionner les acteurs de taille comparable
Pas de comparable transactionnel pur
Information partielles / confidentialité des transactions
Contexte spécifique à chaque transaction"\n"28","Text","Pertinence"\n"28","Text","De nombreux deals réalisés ces dernières années"\n"28","Text","+"\n"28","Text","-"\n"28","Text","-"\n"28","Text","-"\n"28","Text","+"\n"28","Header","Multiples boursiers"\n"28","Text","S’appuie sur des prix de marché (confrontation de l’offre et de la demande)
Qualité des données financières
Méthode de valorisation statique
Différences liées à la taille de la société comparée, à son savoir-faire et à son stade de développement"\n"28","Text","Pertinence"\n"28","Text","Peu d’acteurs comparables côtés"\n"28","Text","+"\n"28","Text","-"\n"28","Text","-"\n"28","Text","+"\n"28","Text","Non appliqué"\n"29","Text","Evaluation de l’entreprise sur la base de la valeur économique de ses actifs (stocks, fond de commerce, mobilier, etc.)
Repose sur la réévaluation des postes du bilan afin de refléter leur valeur de marché, et peut inclure des ajustements pour tenir compte d’éléments hors bilan ou de passifs latents"\n"29","Header","Approche patrimoniale"\n"29","Text","Mise en œuvre simple
Adapté pour une activité de négoce, porteuse de stock
Non intégration de la rentabilité de l’activité
Analyse statique
Difficulté à valoriser les actifs"\n"29","Text","Pertinence"\n"29","Text","+"\n"29","Text","-"\n"29","Text","-"\n"29","Text","+"\n"29","Text","-"\n"29","Header","Méthodologie de valorisation"\n"29","Text","Détermination d’une valeur minimale de l’entreprise"\n"30","Header","De nombreuses opérations sur un secteur en pleine consolidation (1/x)"\n"30","Text","Source : CFNews"\n"30","Table","Date | Cible(s) | Acquéreur(s) | Détails sur l’opération | VE (m€) | CA (m€) | VE / CA | VE / EBITDA"\n"30","Header","Ci-dessous sont présentées des opérations récentes du secteur sur la base d’informations disponibles ou publiques
Un marché marqué par une bonne dynamique transactionnelle avec une forte tendance à la consolidation et un fort attrait de la part des investisseurs qui se traduit par des valorisations élevées"\n"31","Header","De nombreuses opérations sur un secteur en pleine consolidation (2/x)"\n"31","Text","Source : CFNews"\n"31","Table","Date | Cible(s) | Acquéreur(s) | Détails sur l’opération | VE (m€) | CA (m€) | VE / CA | VE / EBITDA"\n"32","Header","De nombreuses opérations sur un secteur en pleine consolidation (x/x)"\n"32","Text","Source : CFNews"\n"32","Table","Date | Cible(s) | Acquéreur(s) | Détails sur l’opération | VE (m€) | CA (m€) | VE / CA | VE / EBITDA"\n"33","Table","Secteurs | Fourchette basse | Moyenne | Fourchette haute
Développement de logiciels | 6,7x | 7,7x | 8,3x
Services de santé & Produits pharmaceutiques | 6,8x | 7,5x | 8,2x
Services informatiques | 6,5x | 7,2x | 7,7x
Services aux entreprises | 4,6x | 5,3x | 5,9x
Agro-alimentaire | 4,3x | 5,1x | 5,8x
E-commerce | 4,0x | 4,9x | 5,6x
Industrie & Production | 4,3x | 4,9x | 5,6x
Distribution | 3,8x | 4,5x | 5,1x
Médias, Marketing & Communication | 3,9x | 4,7x | 5,5x
Hôtellerie & Tourisme | 3,7x | 4,4x | 4,8x
Automobile, Transport & Logistique | 3,5x | 4,4x | 5,0x
Commerce de gros | 3,6x | 4,1x | 4,4x
Construction & Technologie d’installation | 3,3x | 3,8x | 4,4x"\n"33","Header","Valorisations par secteur en France (selon le rapport Fusac du S1 2025)"\n"33","Text","Source : Dealsuite"\n"33","Header","Les multiples d’EBITDA répartis par secteur au cours du 1er semestre 2025, issus du rapport Fusac de septembre 2025, sont présentés ci-contre
Les dynamiques sectorielles influencent directement les multiples de valorisation applicables
D’autres facteurs non mentionnés ici jouent également un rôle dans la valorisation d’une entreprise, tels que sa taille (CA réalisé), sa croissance, sa rentabilité, son profil de risque, etc."\n"33","Header","2"\n"34","Table","Secteur | Multiple moyen VE / EBITDA
S1 2021 | S2 2021 | S1 2022 | S2 2022 | S1 2023 | S2 2023 | S1 2024 | S2
2024 | S1 2025
Tous secteurs confondus | 5,4x | 5,4x | 5,4x | 5,4x | 5,3x | 5,3x | 5,4x | 5,3x | 5,25x
Automobile, Transport & Logistique | 4,3x | 4,4x | 4,3x | 4,2x | 4,1x | 4,3x | 4,5x | 4,3x | 4,4x
Distribution | 5,0x | 5,0x | 5,1x | 4,9x | 4,7x | 4,8x | 4,8x | 4,7x | 4,5x"\n"34","Header","Tendances du marché français des fusions-acquisitions"\n"34","Text","Source : Dealsuite"\n"34","Text","Les données présentées ci-dessus proviennent des enquêtes semestrielles menées par DealSuite, en moyenne auprès de près de 400 cabinets de M&A chaque semestre
L’étude porte sur des transactions réalisées dans le smid-market français, concernant des entreprises dont le chiffre d’affaires est compris entre 1 m€ et 200 m€
Les résultats de cette étude constituent un point de référence pour la valorisation des entreprises à court terme
Au-delà de la mise en évidence de différences de multiples d’EBITDA selon les secteurs, cette étude confirme les conclusions de la recherche académique établissant un lien entre la taille de l’EBITDA et la valorisation (cf. graphique 2 ci-dessus)"\n"34","Header","Multiple VE / EBITDA en fonction de la taille de l’EBITDA (1er semestre 2025)"\n"34","Header","Evolution des multiples d’EBITDA de 2021 au 1er semestre 2025"\n"34","Text","2"\n"35","Table","Secteur | Multiple moyen VE / EBITDA
S1 2021 | S2 2021 | S1 2022 | S2 2022 | S1 2023 | S2 2023 | S1 2024 | S2 2024 | S1 2025
Développement de logiciels | 7,5x | 7,5x | 7,6x | 7,7x | 7,6x | 7,7x | 7,8x | 7,5x | 7,7x
Services de santé & Produits pharmaceutiques | 7,7x | 7,6x | 7,5x | 7,5x | 7,5x | 7,4x | 7,5x | 7,4x | 7,5x
Services informatiques | 7,5x | 7,5x | 7,6x | 7,5x | 7,4x | 7,3x | 7,4x | 7,3x | 7,2x
Services aux entreprises | 5,6x | 5,4x | 5,4x | 5,2x | 5,3x | 5,5x | 5,5x | 5,4x | 5,3x
Agro-alimentaire | 5,9x | 5,9x | 6,0x | 5,7x | 5,6x | 5,6x | 5,5x | 5,2x | 5,1x
E-commerce | 6,1x | 6,0x | 6,0x | 5,9x | 5,6x | 5,4x | 5,2x | 5,0x | 4,9x
Industrie & Production | 5,2x | 5,1x | 5,1x | 4,9x | 4,9x | 5,0x | 5,0x | 4,9x | 4,9x
Distribution | 5,0x | 5,0x | 5,1x | 4,9x | 4,7x | 4,8x | 4,8x | 4,7x | 4,5x
Médias, Marketing & Communication | 4,7x | 4,8x | 4,8x | 4,8x | 4,8x | 4,9x | 4,8x | 4,7x | 4,7x
Hôtellerie & Tourisme | 4,5 | 4,5x | 4,5x | 4,5x | 4,3x | 4,2x | 4,4x | 4,4x | 4,4x
Automobile, Transport & Logistique | 4,3x | 4,4x | 4,3x | 4,2x | 4,1x | 4,3x | 4,5x | 4,3x | 4,4x
Commerce de gros | 4,5x | 4,4x | 4,5x | 4,3x | 4,2x | 4,2x | 4,3x | 4,2x | 4,1x
Construction & Technologie d’installation | 3,5x | 3,8x | 3,8x | 3,9x | 3,9x | 3,8x | 4,0x | 3,8x | 3,8x"\n"35","Header","Tendances du marché français des fusions-acquisitions"\n"35","Text","Source : Dealsuite"\n"35","Header","Evolution des multiples d’EBITDA de 2021 au 1er semestre 2025"\n"36","Header","Approche de valorisation par la méthode des multiples boursiers"\n"36","Header","Sélection d’un échantillon large dans le but de fournir un cadre de référence sectoriel fiable 
Valeurs aberrantes exclues pour garantir la pertinence des multiples moyens retenus 
Echantillon composé de XX sociétés cotées situées en Europe (dont XX sociétés cotées françaises) positionnées sur le segment de XXX
Un échantillon français présenté à titre indicatif et significativement plus restreint, ce qui génère une volatilité plus élevée dans les données observées
Un multiple moyen qui ressort à XXX le chiffre d’affaires, sans ajustements de décote de liquidité ou de taille qui sont des éléments qui devront être pris en compte pour la valorisation de XXX"\n"36","Text","Source(s) : LSEG (Refintiv)"\n"36","Table","VE (m€) | CA (m€) | VE/CA
Moyenne
Médiane
Taille de l’échantillon | XX sociétés cotées françaises"\n"36","Table","VE (m€) | CA (m€) | VE/CA
Moyenne
Médiane
Taille de l’échantillon | XXX sociétés cotées européennes"\n"36","Text","Moyenne : indicateur classique qui mesure la tendance centrale mais qui peut être biaisé par des valeurs extrêmes (exclues dans notre cas)
Somme des données financières / nombre de sociétés
Médiane : indicateur plus représentatif quand certaines valeurs sont décorrélées par rapport au reste de l’échantillon 
50% des sociétés ont une valeur en-dessous de la valeur de la médiane et 50% au-dessus"\n"36","Header","2"\n"37","Header","Approche patrimoniale"\n"37","Header","Cette méthode détermine un prix minimal de l’entreprise à partir de ses actifs
Sélection des actifs d’exploitation 
Exclusion des actifs hors exploitation (immobilier de placement, participations non stratégiques, etc.)
Pertinence de la méthode compte tenu du poids du stock dans l’activité de XXX"\n"37","Header","Synthèse de l’actif d’exploitation"\n"37","Header","3"\n"37","Text","Les immobilisations et le stock doivent être réévaluées sur la base d’avis d’expert
Des ajustements peuvent être effectués pour :
Refléter la valeur réelle des actifs de l’entreprise
La liquidité ou la recouvrabilité des créances
Dans le cadre de la valorisation de l’entreprise, nous appliquons un coefficient compris entre 80% et 110% à la valeur de ces actifs"\n"37","Table","Actifs d'exploitation - solde net au 30/09 en k€ | 31/03/2025
Terrains | 10
Constructions | 26
Autres immobilisations corporelles | 64
Immobilisations corporelles | 99
Marchandises | 2 878
Stocks et en-cours | 2 878
Clients et comptes rattachés | 42
Autres créances | 347
Créances | 389
Actifs d'exploitation | 3 366"\n"38","Text","Une veille terrain auprès de différents acteurs"\n"38","Header","Indications de valorisation off-market (réseau alecia)"\n"38","Table","Multiple d’ARR
Fourchette basse | Fourchette Haute
Société non rentable (EBITDA cash <0) | 1,0x | 1,5x
Société rentable (EBITDA cash >0) | 2,0x | 3,0x"\n"38","Header","Informations de valorisation non publiques issues de notre réseau sectoriel actif (fonds, dirigeants, banques d’affaires, etc.)
Données off-market qui permettent d’avoir une vision claire des niveaux de valorisation actuellement pratiqués sur des profils de société comparables au vôtre
Nous citons nos sources sans entrer dans les détails pour légitimer notre démarche tout en préservant la confidentialité des informations dont nous disposons de façon officieuse"\n"38","Text","Un multiple d’ARR compris entre 1,0x et 1,5x"\n"39","Header","Synthèse de valorisation"\n"39","Text","Paramètres retenus
Actifs d’exploitation 2024 : XX m€
CA 2024 : XX m€ 
EBITDA 2024 : XX m€"\n"39","Text","Les chiffres présentés ci-contre sont basés sur les valorisations et transactions listées dans les pages précédentes.
La largeur de la fourchette reflète les écarts très significatifs observés en fonction des acteurs et/ou des opérations.
Le prix final sera la résultante de plusieurs facteurs, parmi lesquels
la mise en compétition des contreparties et la fluidité du processus de vente
la qualité de la présentation faite de votre entreprise à l’écrit comme à l’oral
l’ensemble des points de négociation hors prix (structure de l’opération, GAP, complément de prix, gouvernance, etc.)
l’évolution de votre entreprise et du secteur pendant la durée du processus
Etc."\n"39","Text","Fourchette de VE"\n"39","Header","4,0 m€"\n"39","Header","5,5 m€"\n"39","Text","2"\n"39","Text","3"\n"39","Text","1"\n"39","Text","(+informations off-market)"\n"39","Text","En tenant compte d’un effet taille défavorable et d’un taux de marge d’EBITDA supérieur à la moyenne du secteur, nous estimons que la VE de XXX devrait s’établir entre XX m€ et XX m€."\n"40","Header","Les leviers clés du processus permettant de maximiser les conditions de l’opération"\n"40","Text","Information financière"\n"40","Text","Storytelling"\n"40","Text","Processus"\n"40","Text","Croissance potentielle"\n"40","Header","Qualité du processus"\n"40","Header","Valeur optimisée de XXX"\n"40","Header","Calendrier

Maîtrise du calendrier
Stratégie de processus compétitif
Anticipation des critères d’investissement et de modélisation d’un investisseur financier
Construction d’une equity story attractive (potentiel de développement et plan d'affaires)
Opération sur la base des agrégats 2025
Séniorité et implication de l’équipe 
Structuration de l’opération"\n"40","Text","Valeur intrinsèque deXXX"\n"40","Text","Agrégats financiers normatifs"\n"40","Text","Plan de développement
(en cas de LBO)"\n"40","Text","Prime stratégique"\n"40","Text","Construction d’une equity story attractive
Préparation d’argumentaires solides sur les points forts de l’entreprise"\n"40","Text","Momentum
Processus rythmé et structuré
Maîtrise du calendrier
Sélection de contreparties
Connaissance fine des fonds d’investissements
Intensité concurrentielle
Solliciter les candidats les plus pertinents et motivés
Think « out of the box »
Échantillon des autres contreparties à considérer
Pugnacité"\n"40","Text","Solidité des hypothèses du plan d'affaires
Potentiel de développement réaliste"\n"40","Text","Construction des agrégats normatifs de valorisation : EBITDA, BFR, Dette financière nette"\n"41","Header","Les leviers clés du processus permettant de maximiser les conditions de l’opération"\n"41","Text","Valeur intrinsèque deXXX"\n"41","Header","Paramètres de l’opération maximisés"\n"41","Header","Calendrier

Maîtrise du calendrier
Stratégie de processus compétitif
Anticipation des critères d’investissement et de modélisation d’un investisseur financier
Construction d’une equity story attractive (potentiel de développement et plan d'affaires)
Opération sur la base des agrégats 2025
Séniorité et implication de l’équipe 
Structuration de l’opération"\n"41","Text","Préparation de l’information financière"\n"41","Text","1"\n"41","Text","2"\n"41","Text","Construction de la thèse d’investissement de XXX"\n"41","Text","3"\n"41","Text","Maîtrise du processus et du rythme"\n"41","Text","Momentum
Processus rythmé et structuré
Maîtrise du calendrier
Sélection de contreparties
Connaissance fine des fonds d’investissements
Intensité concurrentielle
Solliciter les candidats les plus pertinents et motivés
Think « out of the box »
Échantillon des autres contreparties à considérer
Pugnacité"\n"42","Text","Profil du dirigeant et rôle dans le quotidien du groupe
Organisation et gouvernance
Durée et modalités d’accompagnement du dirigeant
Transmission des relations client"\n"42","Header","Rôle du cédant"\n"42","Text","Fondamentaux de marché (tendance de long terme, cyclicité, profondeur, etc.)
Potentiel de croissance du secteur et barrières à l’entrée
Concentration du marché (potentiel de consolidation, perspectives de sortie industrielle)
Chaîne de valeur (savoir-faire & expertise, positionnement concurrentiel, etc.) 
Historique de respect des engagements (calendrier et budget)"\n"42","Header","Activité & Marché"\n"42","Text","Investissements éventuels 
Loyers versés aux SCI 
Événements exceptionnels 
Rémunération des dirigeants
Crédit-bail 
Management fees
Participation des salariés"\n"42","Text","Retraitements classiques"\n"42","Text","Taille du groupe (EBITDA et CA principalement)
Profil de croissance historique sur les 3 dernières années
Perspective de croissance (current trading et business plan à horizon 5 ans)
Qualité du carnet de commandes (composition, concentration, churn rate, etc.)
Profil de rentabilité  
Capacité à générer de la trésorerie (pourcentage de transformation de l’EBITDA en trésorerie)"\n"42","Text","Finance"\n"42","Text","Profil des collaborateurs (ancienneté, âge, expertise)
Projet des managers clés
Capitalisation du savoir-faire
Qualité de la relation avec les dirigeants actionnaires 
Taux de turnover"\n"42","Text","Ressources humaines"\n"42","Text","Politique RSE mise en place
Certifications"\n"42","Text","RSE"\n"42","Header","Éléments déterminants dans votre valorisation et critères clés des investisseurs financiers"\n"43","Header","Éléments clés pouvant impacter la valorisation du Groupe XXXX"\n"43","Header","Catégorie"\n"43","Header","Catégorie"\n"43","Header","Impact"\n"43","Text","XXX"\n"43","Text","~"\n"43","Text","XXX"\n"43","Text","~"\n"43","Text","XXX"\n"43","Text","-"\n"43","Text","XXX"\n"43","Text","+"\n"43","Text","XXX"\n"43","Text","+"\n"44","Text","Compréhension du contexte"\n"44","Text","II"\n"44","Text","Pistes de valorisation"\n"44","Text","III"\n"44","Text","Thèses & contreparties"\n"44","Text","IV"\n"44","Text","Accompagnement & process"\n"44","Text","V"\n"44","Header","Présentation d’alecia"\n"44","Header","I"\n"44","Text","Annexes"\n"44","Text","VII"\n"44","Text","Conditions"\n"44","Text","VI"\n"45","Text","Cession"\n"46","Header","Objectifs de l’opération de cession"\n"46","Text","Offrir une liquidité totale aux fondateurs et investisseurs"\n"46","Text","Optimiser les modalités de l’opération"\n"46","Text","Préserver le temps de l’équipe managériale"\n"47","Header","XXX"\n"47","Header","XXX"\n"47","Header","XXX"\n"47","Text","Rationnels"\n"47","Text","Rationnels"\n"47","Text","Rationnels"\n"47","Header","Accompagné par un fonds d’investissement"\n"47","Header","Quelques acquéreurs potentiels pour une cession"\n"48","Header","Ci-dessous seules quelques contreparties sont présentées
De nombreux groupes seraient susceptibles de se présenter dans le cadre d’une acquisition"\n"48","Text","Activité : conseil en gestion de patrimoine
Chiffres clés : 800 m€ d’encours sous gestion
Commentaires : acteur né en 2024 suite à la fusion de cabinets indépendants sur l’Arc atlantique, y compris en Bretagne (Brest, Quimper et Rennes). Soutenu par Abenex et Arkéa Capital, il pourrait être une alternative intéressante aux mastodontes du secteur"\n"48","Text","Activité : conseil en gestion de patrimoine 

Chiffre clés : 4,2 md€ d’encours sous gestion et un CA de +50 m€

Commentaires : groupe avec (i) une activité classique de CGP en propre et (ii) une plateforme de services proposant notamment une palette de produits financiers aux CGP indépendants soutenu par Siparex jusqu’en juin 2024 puis par Ardian"\n"48","Text","Activité : courtage en assurances et gestion de patrimoine

Chiffre clés : 2,5 md€ d’encours sous gestion 

Commentaires : acquisition de Magnacarta, groupement de conseillers en      gestion de patrimoine par April, groupe leader en courtage fin 2023  opération qui permettra au CGP de renforcer sa présence nationale

Contact : François MOLLIER"\n"48","Text","Activité : conseil en gestion de patrimoine
Chiffres clés : 1,1 md€ d’encours sous gestion 
Commentaires : la société soutenue par Meanings Capital Partners fédère 12 associés et 40 collaborateurs et poursuit sa croissance avec l’objectif de s’imposer dans de nouvelles régions et de consolider l’existant

Contact : Vincent COUROYER"\n"48","Header","Exemples de plateformes qui ont industrialisé et optimisé les intégrations"\n"49","Text","LBO"\n"50","Header","Mécanisme d’un LBO"\n"50","Text","Capacité à générer du cash"\n"50","Text","Confort sur le niveau d’activité future / barrières à l’entrée"\n"50","Text","Pas de dépendance client / fournisseur"\n"50","Text","Plan de développement affichant des perspectives de croissance"\n"50","Text","Excellente équipe de management"\n"50","Text","Solvabilité financière forte"\n"50","Header","Un LBO (Leveraged Buy-Out) est une opération de rachat d’entreprise par une ou plusieurs contreparties, financée majoritairement par de la dette, et le restant par un apport en fonds propres"\n"50","Text","L’entreprise doit générer du cash afin que l’excédent de trésorerie couvre l’emprunt
La pression sur la direction est accentuée car la rémunération dépend des performances
Les banques doivent approuver le business plan de la direction pour financer l’opération
La proximité des contreparties peut amener à une perte de l’objectivité dans les négociations"\n"50","Text","Les points de vigilance"\n"50","Text","Les critères d’investissement"\n"50","Text","Une holding est créée afin de reprendre les titres de l’entreprise ciblée
       La holding contracte un prêt auprès d’une ou plusieurs banques
       Les repreneurs et le fonds injectent le cash manquant pour financer l’opération
       Les titres sont rachetés par la holding de reprise
       L’excédent de trésorerie est remonté par la société rachetée à la holding
       La holding rembourse son emprunt (en partie) avec les excédents de trésorerie"\n"50","Text","1"\n"50","Text","2"\n"50","Text","3"\n"50","Text","3"\n"50","Text","1"\n"50","Text","2"\n"50","Text","4"\n"50","Text","5"\n"50","Text","6"\n"50","Text","6"\n"50","Text","5"\n"50","Text","4"\n"51","Header","Un montage LBO conduit à un effet de levier financier"\n"51","Text","Situation 1"\n"51","Text","x4"\n"51","Text","x8"\n"51","Text","Situation 2"\n"51","Header","Grâce au LBO, le potentiel de rentabilité financière peut être très intéressant pour les contreparties, sous condition d’une croissance maîtrisée de l’activité de l’entreprise"\n"52","Header","Un montage LBO présente différents avantages"\n"53","Header","Présentation de l’opération – Montage LBO"\n"53","Table","EBITDA agrégé retraité | 1 386
x Multiple | 5,0x
+ Dette nette retraitée | (1 641)
= Valeur des titres | 5 291"\n"53","Table","Emplois | (k€) | Ressources | (k€)
Valeur des titres | 5 291 | Apport Dirigeants | 2 646
Apport en trésorerie | 1 500 | Apport Managers | 100
Investisseur – Fonds propres | 1 827
Investisseur – OC | 1 218
Frais | 200 | Dette bancaire | 1 200
Total | 6 991 | Total | 6 991"\n"53","Text","OBJECTIFS DU MONTAGE
Optimiser la relution en s’appuyant sur des outils financiers comme les obligations convertibles et la dette bancaire afin de faire remonter le % de détention capitalistique du dirigeant

Apporter de nouvelles liquidités au groupe"\n"53","Header","Emplois-Ressources"\n"53","Header","Organigramme post opération"\n"53","Table","% de titres vendus | 40% | 45% | 50% | 55% | 60%
Multiple EBITDA | 3,5 | 1 285 | 1 445 | 1 606 | 1 766 | 1 927
4,0 | 1 562 | 1 757 | 1 952 | 2 148 | 2 343
4,5 | 1 839 | 2 069 | 2 299 | 2 529 | 2 759
5,0 | 2 117 | 2 381 | 2 646 | 2 910 | 3 175
5,5 | 2 394 | 2 693 | 2 992 | 3 292 | 3 591
6,0 | 2 671 | 3 005 | 3 339 | 3 673 | 4 007
6,5 | 2 948 | 3 317 | 3 686 | 4 054 | 4 423"\n"54","Header","L’entrée au capital de managers et cash-out, le « LMBO »"\n"54","Header","Eléments clés / points de vigilance"\n"54","Text","Cession"\n"54","Text","Il est souvent nécessaire de réinvestir une partie du produit de cession pour accompagner l’Opération de transmission. Le réemploi s’établit souvent entre 20% et 50%"\n"54","Text","En fonction du niveau de réemploi dans la Société, le dirigeant qui réalise une partie de son patrimoine peut se voir proposer un poste non opérationnel mais stratégique"\n"54","Text","La nécessité de se mettre d’accord sur un business plan
Le pacte d’actionnaires qui régira les modalités clés de gouvernance avec le fonds sponsor qui permet le MBO"\n"54","Text","Accompagnement post-opération"\n"54","Text","Durée du process de cession"\n"54","Text","30% - 49% des titres"\n"54","Text","Le LMBO est une montée au capital de managers triés sur le volet qui assure une certaine cohérence/continuité. En effet, la passation s’effectue dans le temps et vous restez aux manettes"\n"54","Text","9 à 12 mois"\n"54","Text","Avantages"\n"54","Text","Ecueils « habituels »"\n"54","Text","Désalignement d’intérêts durant l’Opération entre le dirigeant historique, les managers et le fonds qui continuent de travailler ensemble"\n"54","Text","Respect de la vision de l’actionnaire
Continuité d’activité pour les clients et les salariés
Acquéreur déjà identifié"\n"54","Text","Le fonds sponsor permet de financer l’Opération
Il convient de distinguer détention capitalistique et gouvernance"\n"54","Text","Niveau d’apport des managers"\n"54","Text","Critères d’investissement"\n"54","Text","Profil des managers en interne (expérience, vision pour l’avenir, etc.)
Marché sous-jacent : récurrence de l’activité / visibilité sur carnet de commandes, etc.
Performance financière : capacité à générer du résultat pour pouvoir mettre en place et rembourser une dette LBO"\n"54","Text","Au-delà de la transmission de l’entreprise, la Direction (actuelle et future) doit avoir des projets de développement et d’amélioration de la performance de la Société"\n"54","Header","Management buy-out"\n"55","Header","Le Management Buy-Out : avec un fonds vs sponsorless"\n"55","Text","Cash-out cédant et managers"\n"55","Text","Gouvernance"\n"55","Text","Durée du process de cession"\n"55","Text","Avantages"\n"55","Text","Points d’attentions"\n"55","Text","Critères d’investissement"\n"56","Header","Quelques investisseurs potentiels"\n"56","Header","Nous avons sélectionné une liste préliminaire restreinte et non exhaustive de partenaires financiers potentiels, répondant au cahier des charges suivant : horizon d’investissement (c.5-7 ans), culture d’investissement minoritaire, ticket d’investissement à partir de 1 m€, intérêt pour le secteur du textile et les marques 
Nous disposons d’une connaissance fine de leur stratégie d’investissement et bénéficions d’un accès direct aux interlocuteurs clés
Cette liste sera à affiner avec les Dirigeants-Actionnaires en amont du processus"\n"57","Text","Dual track (ou plus)"\n"58","Header","Deux opérations envisageables"\n"58","Header","Cession"\n"58","Header","LMBO"\n"58","Text","% de cession des titres"\n"58","Text","30% à 49% des titres"\n"58","Text","95% à 100% des titres"\n"58","Text","Accompagnement post-opération"\n"58","Text","Montée au capital de managers"\n"58","Text","Limité à la période d’intégration par l’acquéreur  6 à 12 mois"\n"58","Text","Durée du process de cession"\n"58","Text","9 à 12 mois"\n"58","Text","12 mois"\n"58","Text","Avantages"\n"58","Text","Respect de la vision de l’actionnaire
Continuité d’activité pour les clients et les salariés
Acquéreur déjà identifié"\n"58","Text","Maximiser le cash out à la sortie
Désengagement plus rapide"\n"58","Text","Inconvénients"\n"58","Text","Forte dilution"\n"58","Text","Contreparties potentiellement plus lentes à étudier le dossier 
Panel de contreparties plus restreint"\n"58","Text","Contreparties"\n"58","Text","Fonds d’investissement"\n"58","Text","Industriels"\n"58","Header","1"\n"58","Header","2"\n"59","Header","2 types d’opérations possibles"\n"59","Header","Scénario privilégié : LMBO (Leveraged Management Buy-Out)"\n"59","Header","Cession industrielle"\n"59","Text","Exemples de contreparties
(non exhaustif)"\n"59","Text","1"\n"59","Text","2"\n"59","Text","Accompagnement post opération"\n"59","Text","Durée du process de cession"\n"59","Text","Eléments clés pour les  Dirigeants-Actionnaires"\n"59","Text","Points d’attention"\n"59","Text","Montée au capital des managers soutenus par un fonds d’investissement majoritaire (> 50%)"\n"59","Text","Cession de 100% des titres à un acteur industriel"\n"59","Text","Limitation à la période d’intégration par l’acquéreur (entre 6 et 12 mois)"\n"59","Text","Montée au capital de managers et poursuite de l’aventure pour le cédant"\n"59","Text","12 mois"\n"59","Text","9 à 12 mois"\n"59","Text","Désengagement total des Dirigeants-Actionnaires du Groupe (période d’accompagnement à discuter)
Maximisation de la valorisation par la matérialisation d’une prime de contrôle stratégique et de synergies"\n"59","Text","Processus de cession allégé permettant de faire émerger une solution financière et opérationnelle sur-mesure
Intéressement des Dirigeants-Actionnaires à la création de valeur future et respect de la vision des Dirigeants-Actionnaires
Partage du risque équilibré entre les actionnaires
Préparation de la transition du Groupe à des managers clés 
Continuité d’activité pour les clients et les salariés"\n"59","Text","Processus de cession lourd (Q&A, audit) avec des contreparties plus lentes à étudier le dossier 
Absence d’intéressement à la création de valeur future
Perte de contrôle du Groupe et intégration du Groupe dans le nouvel ensemble"\n"59","Text","Mise en place d’un pacte et d’ une gouvernance avec un fonds d’investissement 
Nécessité de mettre en place un plan de développement, un plan d'affaires et des reportings fréquents
Pas de versement de dividendes possible"\n"60","Header","Les scénarios potentiels"\n"60","Header","OBO auprès d’un fonds"\n"60","Header","Cession totale"\n"60","Header","OBO sponsorless"\n"60","Text","Avantages"\n"60","Text","X"\n"60","Text","Désengagement et cash out immédiat"\n"60","Text","Maximisation des gains (en plusieurs fois)
Possibilité de poursuivre l’activité et d’ouvrir de nouvelles perspectives (structuration, build up)"\n"60","Text","Renforcement sur la partie back office 
Possibilité de se concentrer sur la gestion client"\n"60","Text","Maximisation des gains (en plusieurs fois)
Possibilité d’ouvrir de nouvelles perspectives (plateforme buy & build, structuration)
Réalisation partielle du patrimoine"\n"60","Text","Réalisation des gains immédiate
Process moins exigeant
Autonomie préservée"\n"60","Text","Réalisation du patrimoine
Valorisation optimisée"\n"60","Text","Inconvénients"\n"60","Text","Nécessité d’être alignés avec le futur associé
Contraintes de reporting"\n"60","Text","Fiscalité non avantageuse
Valorisation inférieure à celle d’une cession de titres"\n"60","Text","Stratégie pure cash out
Absence de sparring partner stratégique
Perte de capacité à financer des projets structurants (acquisitions)"\n"60","Text","Perte de liberté pouvant aller de pair avec une perte de sens et de motivation
Clause de non-concurrence"\n"60","Text","Fin de l’activité et de l’aventure entrepreneuriale"\n"60","Header","Adossement industriel"\n"60","Text","Des titres"\n"60","Text","Du portefeuille"\n"60","Text","Critères d’investissement"\n"60","Text","Potentiel de développement du portefeuille clients et du cabinet
Profil du dirigeant et capacité à développer le cabinet au travers de de build-up et de recrutements
Conformité réglementaire"\n"60","Text","Encours : montant et qualité
Ventilation du portefeuille (récurrent vs. non récurrent)
Effectif"\n"60","Text","Potentiel de développement du portefeuille clients et du cabinet
Profil du dirigeant et capacité à développer le cabinet au travers de recrutements et de build-up
Conformité réglementaire"\n"60","Text","Encours : montant et qualité 
Ventilation du portefeuille (récurrent vs. non récurrent)
Positionnement du cabinet
Projet et compétences du cédant (techniques ou management)"\n"60","Text","Encours : montant et qualité 
Ventilation du portefeuille (récurrent vs. non récurrent)"\n"60","Text","Cession"\n"60","Text","20 à 40% des titres (share deal)"\n"60","Text","100% des titres (share deal)"\n"60","Text","20 à 40% des titres (share deal)"\n"60","Text","60 à 80% des titres (share deal)"\n"60","Text","100% des actifs (asset deal)"\n"60","Text","Durée du process de cession"\n"60","Text","6 à 9 mois"\n"60","Text","6 à 9 mois"\n"60","Text","4  à 6 mois"\n"60","Text","6 à 9 mois"\n"60","Text","6 à 9 mois"\n"60","Text","Pertinence"\n"61","Text","Compréhension du contexte"\n"61","Text","II"\n"61","Text","Pistes de valorisation"\n"61","Text","III"\n"61","Text","Thèses & contreparties"\n"61","Text","IV"\n"61","Text","Accompagnement & process"\n"61","Text","V"\n"61","Header","Présentation d’alecia"\n"61","Header","I"\n"61","Text","Annexes"\n"61","Text","VII"\n"61","Text","Conditions"\n"61","Text","VI"\n"62","Text","Général"\n"63","Header","Un processus structuré permettant d’optimiser les paramètres de l’opération"\n"63","Text","Préparation de la documentation du processus
Constitution de l’équipe projet (auditeurs, avocats)
Collecte de l’information
Lancement des Vendor Due Diligences (« VDD »)
Préparation de la data room électronique
Rédaction/préparation des documents supports de la transaction : profil anonyme, engagements de confidentialité (« NDA »), Mémorandum d’Information (« IM »), lettre de procédure phase 1 et phase 2
Établissement d’une liste d’acquéreurs potentiels
Rédaction des projets de documentation juridique (protocole de cession) par le cabinet d’avocat du client"\n"63","Text","Pré-marketing (réalisé en parallèle de la phase préparatoire)
Présélection des candidats : contact des candidats avec présentation du cahier des charges précis et validation de l’intérêt de principe (en anonyme)
Signature des NDA
Phase 1
Remise des IM et de la lettre de procédure phase 1 avec expression du cahier des charges précis
Rencontres entre les candidats et le management (« coffee session »)
Séances questions/réponses avec les candidats
Réception des offres indicatives des candidats
Sélection des candidats habilités à poursuivre le processus : sélection d’une liste restreinte de 3 à 4 candidats"\n"63","Text","Phase 2
Envoi des VDD aux candidats sélectionnés
Envoi de la lettre de procédure phase 2
Ouverture data room (« VDR »)
Lancement des audits : questions-réponses avec les candidats et leurs conseils
Management Presentations (rencontres structurées entre les candidats et le management)
Sessions de travail avec les candidats retenus
Envoi du projet de documentation juridique rédigé par le cabinet d’avocat du client
Réception des offres engageantes et des mark-up sur la documentation juridique
Négociation des offres engageantes"\n"63","Text","Finalisation de la documentation juridique et dernière négociation
Finalisation de la documentation juridique
Sélection d’un candidat final et signature d’un put option
Exclusivité
Signing / Closing"\n"63","Text","Implication des Dirigeants-Actionnaires dans le processus"\n"64","Text","Préparation avec alecia de l’equity story
Préparation du plan d’affaires
Validation du schéma final de l’opération
Support à la collecte d’informations pour la rédaction du Memorandum d’Information
Réponses aux questions / Visite de sites
Participation aux Management Presentations"\n"64","Text","Dirigeants-Actionnaires"\n"64","Text","Pilotage de l’ensemble du processus
Proposition d’une stratégie d’opération
Anticipation des points durs
Approche de la valorisation du Groupe
Identification et qualification des contreparties
Gestion des candidats et des Q&A et tenue du calendrier fixé
Négociations avec les contreparties
Optimisation des paramètres de l’opération"\n"64","Text","Réponses aux questions juridiques des candidats
Vérification et alimentation de la data room
Rédaction de la documentation transactionnelle (protocole de cession, GAP, pacte d’associés, clause de non-concurrence, etc.)"\n"64","Text","Avocat"\n"64","Text","Envoi de l’information comptable et financière aux auditeurs
Réponses aux questions comptables et financières des auditeurs"\n"64","Text","Expert-comptable"\n"64","Text","Etablissement avec les Dirigeants-Actionnaires et alecia des enjeux cibles de l’opération 
Accompagnement des Dirigeants-Actionnaires sur l’ensemble des sujets patrimoniaux 
Optimisation fiscale du produit de cession et anticipation des points clés fiscaux
Gestion du cash out, de son rendement et de son risque"\n"64","Text","Conseiller en gestion de patrimoine"\n"64","Text","Rédaction de la documentation financière
Normalisation de l’EBITDA et de la Dette Financière Nette (DFN)
Revue du budget (2025)
Assistance à la préparation du plan d'affaires"\n"64","Text","Cabinet de transaction services"\n"64","Header","alecia coordonne le travail de tous les intervenants du processus afin d’économiser le temps des Dirigeants-Actionnaires"\n"65","Header","Différents niveaux d’accompagnement adaptées à vos besoins"\n"65","Text","Exemples de travaux réalisés"\n"65","Header","Coaching vendeur"\n"65","Header","VendorDue Diligence (VDD)"\n"65","Header","Vendor Assistance (VA)"\n"65","Text","Avantages clés"\n"65","Text","Niveau d’engagement"\n"65","Text","Formation du management sur la préparation des éléments financiers
Suivi et revue des indicateurs préparés
Accompagnement lors des discussions financières avec les acquéreurs"\n"65","Text","Organisation et fiabilisation des informations financières
Analyse des résultats historiques et prévisionnels (compte de résultat, bilan, flux de trésorerie)
Détermination d’un EBITDA retraité, d’un BFR normatif et de la dette nette ajustée"\n"65","Text","Analyse approfondie de l’activité
Validation de la fiabilité des informations financières
Analyse des résultats historiques et prévisionnels (compte de résultat, bilan, flux de trésorerie)
Détermination d’un EBITDA retraité, d’un BFR normatif et de la dette nette ajustée"\n"65","Text","Renforcement des connaissances de la direction, en particulier financière
Sécurisation technique des vendeurs pendant la négociation
Solution peu coûteuse"\n"65","Text","Transmission d’une information claire et structurée
Meilleure anticipation des points sensibles à négocier
Solution moins coûteuse qu’une VDD (environ 30 à 40% de réduction)"\n"65","Text","Processus fluide et calendrier maîtrisé
Gain de crédibilité et de confiance auprès des acquéreurs
Renforcement de la position de négociation des vendeurs"\n"65","Text","Pas d’obligation de résultat
Absence de participation aux échanges de type Q&A"\n"65","Text","Responsabilité strictement limitée au client
Aucune responsabilité vis-à-vis des acheteurs (lettre de décharge) 
Implication limitée, voire absente, lors des sessions Q&A"\n"65","Text","Niveau de responsabilité identique accordé au client et à l’acquéreur final (lette de reliance)
Assistance aux sessions de Q&A"\n"65","Text","Livrables acquéreurs"\n"65","Text","Aucun livrable"\n"65","Text","Base de données financière complète (Excel)
Rapport de type Executive Summary (une dizaine de pages)"\n"65","Text","Base de données financière complète (Excel)
Rapport complet marqué (executive summary, analyses approfondies et annexes)"\n"66","Text","Base de données financière complète (Excel)
Rapport de type Executive Summary (une dizaine de pages)"\n"66","Header","Les différences clés entre VDD et VA"\n"66","Header","Vendor Due Diligence (VDD)"\n"66","Header","Vendor Assistance (VA)"\n"66","Text","Organisation et fiabilisation des informations financières
Analyse des résultats historiques et prévisionnels (compte de résultat, bilan, flux de trésorerie)
Détermination d’un EBITDA retraité, d’un BFR normatif et de la dette nette ajustée"\n"66","Text","Analyse approfondie de l’activité
Validation de la fiabilité des informations financières
Analyse des résultats historiques et prévisionnels (compte de résultat, bilan, flux de trésorerie)
Détermination d’un EBITDA retraité, d’un BFR normatif et de la dette nette ajustée"\n"66","Text","Coût à prévoir"\n"66","Text","Transmission d’une information claire et structurée
Meilleure anticipation des points sensibles à négocier
Solution moins coûteuse qu’une VDD (environ 30 à 40% de réduction)"\n"66","Text","Processus fluide et calendrier maîtrisé
Gain de crédibilité et de confiance auprès des acquéreurs
Renforcement de la position de négociation des vendeurs"\n"66","Text","Responsabilité strictement limitée au client
Aucune responsabilité vis-à-vis des acheteurs (lettre de décharge) 
Implication limitée, voire absente, lors des sessions Q&A"\n"66","Text","Niveau de responsabilité identique accordé au client et à l’acquéreur final (lette de reliance)
Assistance aux sessions de Q&A"\n"66","Text","Base de données financière complète (Excel)
Rapport complet marqué (executive summary, analyses approfondies et annexes)"\n"66","Text","Exemples de travaux réalisés"\n"66","Text","Avantages clés"\n"66","Text","Niveau d’engagement"\n"66","Text","Livrables acquéreurs"\n"66","Text","Entre XX et XX k€"\n"66","Text","Entre XX et XX k€"\n"67","Header","Avantages
Supervision du processus de due diligence par le vendeur : accès à tous les résultats et « déminage » des problématiques en amont
Processus linéaire : simplification et accélération du processus (moins d’interruption) 
Création de valeur tout au long du processus : nombre de candidats plus important, augmentation du pouvoir de négociation du vendeur et analyse d’une rentabilité « normative »"\n"67","Header","Description : mission confiée en amont du processus à un auditeur objectif et impartial qui engage sa responsabilité 
Périmètre des travaux : principaux aspects de l’entreprise couverts (financiers, commerciaux et opérationnels) 
Description de l’activité et synthèse
Analyse de la performance historique 
Analyse de l’atterrissage du résultat 
Analyse détaillée de la dette financière nette
Revue critique du plan d'affaires
Validation : rapport validé par les gestionnaires de l’entreprise"\n"67","Text","2"\n"67","Text","3"\n"67","Text","Objectifs d’une VDD selon les différents intervenants"\n"67","Text","Aider à justifier / argumenter l’equity story
Garder le contrôle et connaître les sujets de discussion à l’avance 
Réduire les interruptions 
Se vendre mieux et plus rapidement en maintenant une pression concurrentielle
Délivrer un protocole de cession robuste et accroître les garanties 
Disposer d’un rapport répondant aux interrogations des acheteurs
Avoir l’évaluation objective de l’équipe ayant réalisé la VDD et l’engagement d’un cabinet de place"\n"67","Text","Lisser la charge de travail durant la phase de préparation
Sécuriser leurs propres objectifs et les objectifs futurs de  l’entreprise 
Obtenir une crédibilité vis-à-vis des chiffres publiés
Réduire la divulgation d’informations sensibles 
Être proactif quant à la résolution des problèmes et sujets de discussion"\n"67","Text","Aider le vendeur à faire de sa cession une Opération réussie 
Présenter les risques et les opportunités 
Normaliser et quantifier objectivement les agrégats financiers sous jacents à la valorisation"\n"67","Text","Alimenter la data room
Garder le contrôle
Respecter le calendrier 
Accroitre la valeur du deal 
Présenter des données financières « robustes » et « normatives »
Réduire les garanties données par le vendeur"\n"67","Text","Mieux connaître l’entreprise
Disposer des résultats du cabinet d’audit 
Obtenir le financement 
Posséder les données nécessaires à la préparation de leurs propres modèles et plan d'affaires alternatifs 
Être confiant quant à la fiabilité de l’information qui provient du processus de due diligence 
Avoir l’opportunité de poser des questions à l’équipe d’auditeurs ayant réalisé la VDD"\n"67","Text","1"\n"67","Text","Actionnaires / Banque d’affaires"\n"67","Text","Management de la Société"\n"67","Text","Cabinet d’audit"\n"67","Text","Autres conseils"\n"67","Text","Acquéreurs / investisseurs"\n"67","Text","1"\n"67","Text","2"\n"67","Text","3"\n"67","Text","4"\n"67","Text","5"\n"67","Header","La VDD financière : optimiser, sécuriser et accélérer une opération de haut de bilan"\n"68","Header","ARSENE TAXAND : une expertise fiscale complète au service des opérations M&A"\n"68","Header","Présentation d’ARSENE TAXAND"\n"68","Header","Périmètre d’intervention"\n"68","Text","Un leader français du conseil fiscal indépendant
1er cabinet d’avocats indépendants implanté en France et détenu par des associés
200 collaborateurs dont 27 associés
Créé en 2004 par 7 anciens d’Arthur Andersen"\n"68","Text","Une expertise fiscale de haut niveau
Un cabinet exclusivement dédié à la fiscalité
Une approche pratique et personnalisée"\n"68","Text","Un rayonnement international et une clientèle variée
Membre fondateur du réseau fiscal international Taxand, présent dans plus de 50 pays
Portefeuille client diversifié : grands groupes, filiales étrangères et fonds d’investissement"\n"68","Text","Opérations patrimoniales"\n"68","Text","Réinvestissement du cédant (le cas échéant)"\n"68","Text","Aspects fiscaux de la transaction"\n"68","Text","Process"\n"68","Text","Suivi post-opération"\n"68","Text","Etat des lieux
Donation en pleine propriété avant cession
Donation démembrée avant cession
Apport avant cession"\n"68","Text","Détermination du sens des opérations d’apport
Revue des valeurs retenues pour les apports
Rédaction des clauses fiscales des traités d’apport"\n"68","Text","Revue des garanties fiscales accordées par le cédant
Négociation des garanties fiscales accordées par le cédant 
Revue des clauses fiscales de la documentation juridique"\n"68","Text","Participation aux différentes réunions
Weekly call pour garantir les intérêts fiscaux du cédant
Echanges avec l’ensemble des partenaires"\n"68","Text","Assistance à la déclaration des revenus issus de l’opération au niveau du ou des cédants en cas de donation-cession
Revue de l’éligibilité des réinvestissements (apport-cession)"\n"69","Text","Cession"\n"70","Header","Notre stratégie pour optimiser votre Opération"\n"70","Header","Notre expertise / notre valeur ajoutée"\n"70","Header","Implications-clés en termes de processus"\n"70","Text","S’assurer de la capacité des contreparties à répondre aux attentes des actionnaires (valorisation, capacité d’investissement et conditions de reprise)"\n"70","Text","Identifier des contreparties pertinentes parmi les acteurs du marché
Construire le bon message pour les adresser"\n"70","Text","Choix des contreparties"\n"70","Text","Faire signer un NDA à un nombre filtré et limité de contreparties
Communiquer l’information confidentielle au fur et à mesure de l’avancement de la mission"\n"70","Text","Protéger le savoir-faire de la société 
Protéger les relations avec ses parties prenantes (clients, employés, fournisseurs, partenaires, etc.)"\n"70","Text","Respect de la confidentialité"\n"70","Text","Envoyer des informations préliminaires accompagnées d’une lettre de process type"\n"70","Text","S’informer du niveau de valorisation du marché grâce à notre réseau au sein des fonds et du secteur
Utiliser une lettre de process afin de maintenir un rythme et une concurrence saine des contreparties"\n"70","Text","Optimisation de la valorisation et du processus"\n"70","Text","Faire les négociations lors des phases préliminaires de sélection et lors de la finalisation de l’opération"\n"70","Text","Réaliser un accompagnement différencié entre la partie commerciale et la partie administrative et financière"\n"70","Text","Négociation des conditions d’accompagnement"\n"70","Text","Définir des deadlines atteignables
S’assurer de la fluidité du processus"\n"70","Text","Considérer les objectifs et les délais des actionnaires"\n"70","Text","Tenue du calendrier"\n"71","Header","Notre stratégie pour optimiser votre Opération"\n"71","Text","Négociations et closing"\n"71","Text","Support durant la phase de due diligence (audits acquéreurs)
Négociations des conditions la LOF (Lettre d’Offre Ferme)
Participation aux négociations de la documentation juridique aux côtés de votre avocat d’affaires"\n"71","Text","Nous faisons « tampon » dans les négociations entre vous et les contreparties, y compris vos salariés pour préserver la qualité de vos relations
Nous défendons vos intérêts immédiats et futurs : GAP, garantie de la garantie, part de réinvestissement, mécanismes de complément de prix, etc."\n"71","Text","Préparation"\n"71","Text","Affinage de votre projet pour stabiliser le discours, en particulier concernant les contours d’un éventuel LMBO
Rédaction d’un mémorandum d’information présentant votre Groupe et votre projet
Coordination et orientation des travaux de « Vendor Due Diligence »
Prise de contact avec différents fonds d’investissements, sur une base anonyme, pour tester leur intérêt et leur perception du dispositif envisagé (pour le format LMBO)"\n"71","Text","Nous rédigeons l’Info Mémo en mettant en avant les points clés et les forces du dossier, selon les usages du métier
Nous connaissons les fonds d’investissement. Nous avons des contacts directs avec certains d’entre eux ce qui nous permet de démarrer les discussions officieuses pour optimiser le process
Nous avons l’expérience de la transmission aux salariés. Nous pouvons organiser une ou plusieurs réunions à objectif pédagogique pour les orienter et leur donner les clés pour réussir cette Opération"\n"71","Text","Commercialisation"\n"71","Text","Ciblage et contact des fonds d’investissement susceptibles de « sponsoriser le LMBO »
Préparation et organisation de sessions de Q&A et de « Management Presentations »"\n"71","Text","Nous connaissons les codes, les attendus et les éléments de langage des fonds d’investissement et des directions financières ce qui permet de fluidifier les échanges
Nous coordonnons et rythmons les discussions menées en parallèle avec les multiples contreparties sollicitées
Nous vous accompagnons dans la revue des LOI reçues, en particulier des montages financiers proposés"\n"71","Header","Notre expertise / notre valeur ajoutée"\n"71","Header","Mener simultanément cash-out et transmission aux salariés"\n"72","Text","LBO"\n"73","Header","Vivre avec un fonds d’investissement"\n"73","Header","Sélection du partenaire financier et alignement des intérêts sur la base du cahier des charges fixé 
Relations entre les Dirigeants-Actionnaires et le fonds d’investissement 
Validation du projet de développement stratégique"\n"73","Text","Transferts de titres"\n"73","Text","Gouvernance"\n"73","Text","Pas d’intervention du fonds d’investissement dans la gestion opérationnelle au quotidien
Accompagnement des Dirigeants-Actionnaires sur les sujets stratégiques nécessitant la réflexion de l’ensemble des Actionnaires 
Comité stratégique 3 à 4 fois par an pour suivi des orientations retenues par le Groupe 
Discussions et échanges  sur les projets en cours et le développement du Groupe 
Analyse des résultats passés et discussions autour des prévisions réalisées initialement 
Exemples de décisions soumises au Comité Stratégique 
Lancement d’une activité nouvelle / changement d’activité de la Société 
Acquisition d’une société ou d’un fonds de commerce 
Investissements / désinvestissements significatifs non prévus au budget (seuil à définir)
Opération dilutive sur le capital 
Reporting financier établi suivant un format validé par 
Les Dirigeants-Actionnaires
Le fonds d’investissement (le plus souvent basé sur le reporting existant)"\n"73","Text","Rendez-vous positionné dans un délai de 4 à 6 ans pour recomposer le capital de la Société afin
D’assurer la sortie et la liquidité de la participation du fonds d’investissement (et de certains autres actionnaires selon le cas) 
De concrétiser une première étape de constitution patrimoniale des Managers 
Selon le cas, l’étape suivante peut être constitué par 
Une cession industrielle 
Un nouveau MBO : réinvestissement aux côtés d’un nouveau fonds d’investissement 
Organisation des cessions de titres entre la date d’entrée du fonds et sa sortie (transferts libres)"\n"74","Text","Compréhension du contexte"\n"74","Text","II"\n"74","Text","Pistes de valorisation"\n"74","Text","III"\n"74","Text","Thèses & contreparties"\n"74","Text","IV"\n"74","Text","Accompagnement & process"\n"74","Text","V"\n"74","Header","Présentation d’alecia"\n"74","Header","I"\n"74","Text","Annexes"\n"74","Text","VII"\n"74","Text","Conditions"\n"74","Text","VI"\n"75","Header","Notre proposition tarifaire"\n"75","Text","25 000 € HT"\n"75","Text","Application d'un % fixe à la valeur des titres 
Accélération avec un % complémentaire appliqué au-delà d’une certaine tranche"\n"75","Text","Honoraires de démarrage"\n"75","Text","Honoraires de succès"\n"75","Text","Grille HT"\n"75","Text","A titre d’exemple, les honoraires de succès d’une cession à 5,5 m€ s’élèveront à :
4% x 5.000.000 + 6% x 500.000 = 230.000 € HT
Soit 4,2% de la valeur des titres"\n"75","Table","Valeur des titres | Honoraires de succès (HT)
Jusqu’à 5 m€ | 4 %
Au-delà de 5 m€ | 4% + kicker 2%"\n"75","Header","Conditions juridiques"\n"75","Header","Conditions financières"\n"76","Header","Principaux termes et conditions de l’engagement"\n"76","Text","25 000 € HT"\n"76","Text","Application d'un % fixe à la valeur des titres 
Accélération avec un % complémentaire appliqué au-delà d’une certaine tranche"\n"76","Text","Honoraires de démarrage"\n"76","Text","Honoraires de succès"\n"76","Text","Grille HT"\n"76","Text","A titre d’exemple, les honoraires de succès d’une cession à 5,5 m€ s’élèveront à :
4% x 5.000.000 + 6% x 500.000 = 230.000 € HT
Soit 4,2% de la valeur des titres"\n"76","Table","Valeur des titres | Honoraires de succès (HT)
Jusqu’à 5 m€ | 4 %
Au-delà de 5 m€ | 4% + kicker 2%"\n"76","Header","Conditions juridiques"\n"76","Header","Conditions financières"\n"77","Text","Compréhension du contexte"\n"77","Text","II"\n"77","Text","Pistes de valorisation"\n"77","Text","III"\n"77","Text","Thèses & contreparties"\n"77","Text","IV"\n"77","Text","Accompagnement & process"\n"77","Text","V"\n"77","Header","Présentation d’alecia"\n"77","Header","I"\n"77","Text","Annexes"\n"77","Text","VII"\n"77","Text","Conditions"\n"77","Text","VI"\n"79","Text","LOGOS FONDS D’INVESTISSEMENT"\n"80","Header","Fonds bancaires"\n"81","Header","Fonds entrepreneurs"\n"82","Header","Fonds impact"\n"83","Header","Fonds impact"\n"84","Header","Fonds généralistes"\n"85","Header","Fonds généralistes"\n"85","Text","REBRANDING -> ARLANE"\n"86","Header","Fonds généralistes"\n"87","Header","Fonds généralistes"\n"88","Header","Fonds généralistes"\n"89","Header","Fonds agroalimentaires"\n"90","Header","Fonds growth"\n"91","Header","Fonds VC"\n"92","Header","Fonds VC"\n"93","Header","Fonds BtoB"\n"94","Header","Fonds BTP"\n"95","Header","Fonds Santé"\n"96","Header","Fonds autres secteurs"\n"112","Header","Fonds Multirégional"\n"113","Header","Family offices"\n"114","Header","Fonds d’investissement"\n"115","Header","Charte graphique"\n"115","Text","#061A40​"\n"115","Text","#E3F2FD​"\n"115","Text","#163E64"\n"115","Text","#4370A7​"\n"115","Text","#749AC7​"\n"115","Text","#BFD7EA​"\n"115","Text","#6F7A8F"\n"115","Text","#AAB1BE"\n"115","Text","#E6E8EC"\n"115","Text","#FAFAFC"\n"115","Text","#B80C09"\n"115","Text","#AFABAB"\n"115","Text","#163E64"\n"115","Text","#C8CCD5"